texto,label_txt,label
No esperes al corte paga tu recibo hoy,ham,0
Recordatorio: tu cita con el dentista es mañana,ham,0
Agenda tu revision medica anual,ham,0
Asegura tu futuro con nuestro plan de jubilación,spam,1
Tu solicitud ha sido aprobada satisfactoriamente,ham,0
Informamos que nuestras tiendas permanecerán cerradas hoy,ham,0
Necesitamos verificar tu licencia de conducir para el alquiler,spam,1
Aprovecha las ofertas de ultimo minuto,spam,1
Aprovecha nuestros préstamos con bajo interés,spam,1
Gracias por tu interés un asesor se comunicará contigo pronto,ham,0
Apoya esta causa solidaria con tu aporte,spam,1
Accede con tu nueva clave temporal,ham,0
Este producto revolucionario te quitara las manchas de la piel,spam,1
Te extrano y quiero verte,ham,0
Baja nuestro e-book de viajes imperdibles,spam,1
Agradecemos tu preferencia sigue disfrutando de nuestros productos,ham,0
Tu orden ha sido enviada te mantendremos informado,ham,0
Tu cita de manana ha sido confirmada,ham,0
Por favor responde esta encuesta de satisfacción laboral,ham,0
Tu balance y movimientos del mes están listos,ham,0
Obten acceso temprano a nuestras ofertas especiales,spam,1
Activa las notificaciones de nuestro boletín,spam,1
Revisa tu puntaje crediticio gratis,spam,1
Elige el plan que más te convenga,ham,0
Tu comprobante fiscal está listo para ser descargado,ham,0
Tu solicitud ha sido aceptada felicitaciones,ham,0
Agenda tu cita virtual aqui,ham,0
Recuerda que tienes una cita médica este jueves,ham,0
Baja aquí el manual de usuario,spam,1
Despierta tu creatividad con nuestro curso de pintura,spam,1
Descubre las empresas top para invertir,spam,1
Buscamos mejorar con tus sugerencias,ham,0
Baja dos tallas con nuestros batidos,spam,1
Descarga este ebook lleno de consejos útiles,spam,1
Haz clic para ver las fotos de la fiesta,spam,1
Potencia tu vida sexual con nuestras pastillas,spam,1
Baja el instructivo de operación,spam,1
Descarga este software gratis ahora,spam,1
Sorprende a tu pareja con este regalo original,spam,1
Accede a ofertas solo para miembros,spam,1
Haz clic para ver el video mas divertido,spam,1
Hola evaluemos tu perfil profesional,ham,0
Tus sugerencias nos ayudan a mejorar,ham,0
Tu equipaje está en camino a tu domicilio,ham,0
Tus comentarios son valiosos para nosotros,ham,0
Últimas novedades agregadas explora nuestro catálogo,spam,1
Última chance para comprar con descuento,spam,1
Tu paquete ha sido entregado exitosamente,ham,0
Bienvenido a nuestro selecto grupo,ham,0
Gana kms para tu proximo viaje,spam,1
Descarga esta aplicación y obtén un descuento,spam,1
Tus comentarios constructivos nos hacen crecer,ham,0
Tu cuenta ha sido activada exitosamente,ham,0
Baja de peso sin hacer dieta ni ejercicio,spam,1
Hola ¿en qué puedo asesorarte?,ham,0
Hola quiero compartir contigo esta oportunidad unica,spam,1
Gana dinero desde casa con este sencillo método,spam,1
Financia tu compra con nuestro crédito,spam,1
Agradecemos tus comentarios constructivos,ham,0
Feliz cumpleaños te enviamos un obsequio virtual,ham,0
Hola renovemos tu guardarropa,spam,1
Haz clic aqui para recibir tu recompensa,spam,1
Tu reclamo esta siendo atendido,ham,0
Confirma tu dirección de correo para recibir novedades,spam,1
Asiste a la junta de accionistas este viernes,ham,0
Obten tu score crediticio sin costo,spam,1
Disfruta de nuestro servicio premium por 30 días gratis,spam,1
Confirma tu suscripcion haciendo clic aqui,spam,1
Protege a tu familia con nuestro seguro de vida,spam,1
Hola soy tu nuevo entrenador personal,spam,1
Hola nos encantaría que formaras parte de nuestro equipo,ham,0
Gana dinero desde tu hogar,spam,1
Gracias por comprar con nosotros,ham,0
Despierta tu creatividad con nuestros cursos,spam,1
Pon a prueba tu intelecto con sudokus,spam,1
Marca abdominales de revista con este aparato,spam,1
Haz tu reclamo de subsidio aqui,ham,0
Lamento informarte que tu solicitud ha sido rechazada,ham,0
Hola te interesa cotizar un seguro?,ham,0
Conoce nuestro compromiso con tu seguridad,ham,0
Gana tickets para el concierto del ano,spam,1
Tu nueva tarjeta de débito está en camino,ham,0
Tu factura ya esta disponible en linea,ham,0
Necesitamos verificar tus datos de contacto,spam,1
Construyamos juntos un mundo mejor,ham,0
Felicidades por tu desempeño sobresaliente,ham,0
Reduce tus cuotas con nuestro plan especial,spam,1
Gracias por postular suerte en tu búsqueda,ham,0
Tu certificado tributario está listo,ham,0
Asiste a la reunión de accionistas,ham,0
Únete a nuestros voluntarios y cambia vidas,ham,0
Invierte en la criptomoneda del momento,spam,1
Genera ingresos extras en tus tiempos libres,spam,1
Tu saldo actual y movimientos están en este enlace,ham,0
Tu solicitud de crédito fue denegada,ham,0
Mejora tu rendimiento deportivo con nuestro programa de entrenamiento,spam,1
En agradecimiento por tu preferencia,ham,0
Verifica la cuenta de depósito de tu nómina,spam,1
Valoramos mucho tu retroalimentacion,ham,0
Canjea tu bono aqui,spam,1
Por favor comparte tu experiencia con nuestro producto,spam,1
Confirma tu email haciendo clic en el enlace,spam,1
Elige tu método de envío favorito,ham,0
Disfruta de horas de diversión con este juego adictivo,spam,1
Gracias por tu comprension,ham,0
Esta oferta expira a la medianoche ¡aprovéchala ya!,spam,1
Este mensaje es para informarte sobre nuestra nueva política,ham,0
Este software optimizara el rendimiento de tu ordenador,spam,1
Desarrolla habilidades de liderazgo con este seminario,spam,1
Gracias por tu visita aquí tienes un regalo de despedida,ham,0
Tu maleta llegará en el próximo vuelo,ham,0
Tu reserva de vuelo ha sido confirmada,ham,0
Extendimos tu membresía sin costo,ham,0
Desata tu potencial sexual con estas pastillas,spam,1
Aumenta tu tamano con estas pastillas milagrosas,spam,1
Hola soy tu entrenador personal virtual,spam,1
Tu cuenta tiene un saldo pendiente,spam,1
No te pierdas estos divertidos videos de animales,spam,1
Gracias por tu paciencia,ham,0
Disfruta horas de diversión familiar,spam,1
Quema grasa abdominal con este suplemento,spam,1
Necesitamos verificar tu dirección para enviar tu pedido,spam,1
Hoy todo tiene 70% de descuento corre,spam,1
Feliz día mamá eres la mejor,ham,0
Revisa tu saldo y próximas facturas,ham,0
Se parte del record Guinness con nosotros,spam,1
Recibe tu súper en la puerta de tu casa,spam,1
Pasa horas de entretenimiento con este juego,spam,1
Felices Pascuas disfruta en familia,ham,0
Bienvenido a bordo,ham,0
Aprende Photoshop desde cero,spam,1
Aprovecha las mega ofertas de fin de semana,spam,1
Últimos artículos en oferta ¡agrégalos a tu carrito!,spam,1
Aprende un nuevo idioma de forma divertida,spam,1
Últimos días de rebajas ¡no te los pierdas!,spam,1
Hemos recibido tu reclamo y estamos trabajando en ello,ham,0
Gana regalos testeando productos nuevos,spam,1
Tu reserva ha sido procesada exitosamente,ham,0
Confirma tu presencia en la capacitación,ham,0
Necesito que me envíes la información solicitada,ham,0
Tu boleto de avion esta listo,ham,0
Prueba nuestro menú veggie,spam,1
Necesito tu ayuda urgentemente,ham,0
Expresa tu talento con este set de pinceles,spam,1
Gana el triple con nuestro nuevo plan,spam,1
Gana millas en tus viajes de trabajo,spam,1
Tu comprobante de pago está adjunto a este mensaje,ham,0
Ultimas unidades disponibles ¡corre que se acaban!,spam,1
Aprovecha nuestro crédito con meses sin intereses,spam,1
Tu ordenador tiene un virus,spam,1
Tu reservacion ha sido exitosa,ham,0
Gana comisiones promocionando nuestros servicios,spam,1
Cambios importantes en nuestros servicios,ham,0
Descubre como seducir a cualquier persona,spam,1
Haz clic para obtener tu reporte crediticio gratis,spam,1
Pide tu muestra médica gratuita,spam,1
Importantes cambios en nuestras políticas de servicio,ham,0
Disfruta 30 dias de servicio bonificado,ham,0
Hemos recibido tu consulta y te responderemos a la brevedad,ham,0
Por favor completa tu perfil para una mejor experiencia,ham,0
Necesitamos verificar tu identidad para procesar tu solicitud,spam,1
Mejora tu agilidad mental con nuestros juegos,spam,1
Divide tus pagos hasta en 24 meses,spam,1
Tu recibo fiscal ya está disponible descárgalo aquí,ham,0
Felicidades has sido promovido a un nuevo cargo,ham,0
Gana comisiones por referir amigos,spam,1
Gracias por preferirnos tu opinion es muy importante para nosotros,ham,0
Evita recargos pagando tu cuenta a tiempo,ham,0
Necesitamos que verifiques tu cuenta,spam,1
Felicidades has sido seleccionado para una beca,ham,0
Felicidades te ascendieron a gerente,ham,0
Este es un recordatorio de tu proxima cita,ham,0
Gracias por tus comentarios son muy valiosos para nosotros,ham,0
Hemos detectado actividad sospechosa en tu cuenta,spam,1
Gracias por pagar puntualmente,ham,0
Confirma tu asistencia al taller de seguridad,ham,0
Hola únete a nuestro dream team,ham,0
Marca tus abdominales con nuestro quema grasa,spam,1
Estamos revisando tu queja,ham,0
Obtén acceso exclusivo a nuestras rebajas privadas,spam,1
Disfruta de envío gratis en tu próxima compra,spam,1
Tu donación puede marcar la diferencia en muchas vidas,ham,0
Mantén tu rutina fitness con nuestros videos,spam,1
Haz clic para ver este increíble video de comedia,spam,1
Solo por 24 horas todo a mitad de precio,spam,1
Encuentra el amor de tu vida con nuestra aplicación,spam,1
Tu reservacion esta confirmada,ham,0
Obtén tu seguro de gastos médicos hoy mismo,spam,1
Gracias por tu compra reclama tu regalo aquí,ham,0
Hola necesito que coordinemos esa junta,ham,0
Revisa y aprueba el contrato digital,ham,0
Gracias por tu visita esperamos verte pronto,ham,0
Conoce solteros y solteras en tu ciudad,spam,1
Escanea este codigo y gana descuentos,spam,1
Aprovecha nuestras tasas de interés preferenciales,spam,1
Transforma tu físico con nuestro reto de 30 días,spam,1
Hoy es el ultimo dia de descuentos,spam,1
Atrae abundancia con estas velas aromaticas,spam,1
Extiende tu suscripcion sin costo extra,spam,1
Despierta tu niño interior con Lego,spam,1
Incrementa tu resistencia con nuestro suplemento deportivo,spam,1
Gana un carro nuevo participando en nuestro concurso,spam,1
Tu recibo de pago está disponible para descargar,ham,0
Invierte en acciones y multiplica tu capital,spam,1
Recibe tus pedidos sin costo de envio,spam,1
Danos tu opinion sobre nuestro servicio,spam,1
Por favor selecciona la sede de tu preferencia,ham,0
Invierte a largo plazo con nuestros fondos,spam,1
Obten cashback en todas tus compras,spam,1
Gracias por tu orden estamos preparando tu envío,ham,0
Activa tu nueva tarjeta con este codigo,ham,0
Tu orden de compra ha sido procesada exitosamente,ham,0
Obtén cash-back con este cupón,spam,1
No te pierdas este gracioso video de gatos,spam,1
Por favor completa la encuesta de satisfacción,ham,0
Postulate a este reality y gana fama,spam,1
Tu equipaje ha sido enviado pronto estará contigo,ham,0
Tu pedido está en ruta de entrega,ham,0
Haz clic para ver fotos de personas desnudas,spam,1
Verifica tu identidad para proteger tu cuenta,spam,1
Destaca la profundidad de tu mirada,spam,1
Conviertete en un experto en redes sociales con nuestro curso,spam,1
Usa este cupón antes de que caduque,spam,1
Juntos podemos lograr un cambio positivo,ham,0
Felices fiestas y prospero Ano Nuevo,ham,0
Feliz aniversario que tengas un dia maravilloso,ham,0
Gana probando productos como mystery shopper,spam,1
Paga hoy y evita intereses de mora,ham,0
Obten los mejores consejos para una piel radiante,spam,1
Lamentamos informar que tu crédito no ha sido aprobado,ham,0
Tu suscripción ha sido activada bienvenido,ham,0
Paga a tiempo y mantén tu récord crediticio,ham,0
Aprende a diseñar como un profesional con nuestro tutorial,spam,1
Firma el acuerdo de confidencialidad adjunto,ham,0
Mantente informado con nuestras noticias diarias,spam,1
Baja 2 kilos por semana con nuestra dieta,spam,1
Salvemos más vidas con tu donación,ham,0
Tu paquete está en camino y llegará pronto,ham,0
Entérate de los movimientos del mercado,spam,1
Hola te ayudo en lo que necesites,ham,0
Descarga nuestra aplicación y obtén un descuento especial,spam,1
Obtén un descuento usando este código QR,spam,1
Gana dinero por compartir tus opiniones,spam,1
Hola resolveré todas tus consultas,ham,0
Tu recibo de nómina está disponible aquí,ham,0
Gana dinero extra con este trabajo de medio tiempo,spam,1
Hola nos encantaria que te unas a nuestro equipo,ham,0
Postula a tu media naranja y gana una cita a ciegas,spam,1
Prueba este increíble juego para móviles,spam,1
Por favor revisa y firma el acuerdo de confidencialidad,ham,0
Por favor responde a esta encuesta,ham,0
Felices fiestas que tengas una feliz Navidad y próspero Año Nuevo,ham,0
Recordatorio amistoso: tu factura está por vencer,ham,0
Has sido seleccionado para una oferta exclusiva,spam,1
Este es un recordatorio de tu cita medica,ham,0
Tu cuenta ha sido actualizada con las nuevas funciones,ham,0
Invierte en bienes raices y asegura tu futuro financiero,spam,1
Necesitas este seguro de vida ahora mismo,spam,1
Tu factura electrónica está lista descárgala aquí,ham,0
No te pierdas estos memes divertidísimos,spam,1
Necesitamos verificar tu informacion fiscal,spam,1
Cambia una vida apadrinando un niño,ham,0
Tu vuelo está confirmado,ham,0
Tu cuenta ha sido verificada exitosamente,ham,0
Gana dinero extra desde casa,spam,1
Aprovecha descuentos exclusivos para ti,spam,1
Haz clic aqui para ver increibles fotos de gatitos,spam,1
Revisa el estado de cuenta adjunto,ham,0
Reconfirma tu correo haciendo clic abajo,spam,1
Visita nuestra nueva colección,spam,1
Mil gracias por preferirnos estamos comprometidos con tu satisfacción,ham,0
Hola me encantaría que nos reuniéramos,ham,0
Obten envio gratis en tu primera compra,spam,1
Tu orden ha sido actualizada,ham,0
Mega ofertas solo por hoy,spam,1
Cambia tu contrasena para mayor seguridad,ham,0
Tu balance mensual ya fue generado,ham,0
Agrega tus comentarios en el documento compartido,ham,0
Verifica tu numero de cuenta para el deposito,spam,1
Tu reservación ha sido confirmada gracias por elegirnos,ham,0
Feliz aniversario de bodas,ham,0
Haz esta prueba de coeficiente intelectual y sorprendete,spam,1
Necesitamos verificar tu edad para procesar tu pedido,spam,1
Haz clic para descargar este ebook gratis,spam,1
Felicidades has ganado un telefono nuevo,spam,1
Gana dinero probando productos en casa,spam,1
Gana premios por tus compras frecuentes,spam,1
Mejorar tus defensas con probioticos,spam,1
Prueba nuestra nueva app y obtén recompensas,spam,1
Por favor ayúdanos a mejorar contestando esta breve encuesta,ham,0
Aquí está tu estado de cuenta mensual,ham,0
Aprovecha nuestras ofertas de fin de temporada,spam,1
Tu orden ha sido procesada exitosamente,ham,0
Verifica tu suscripción haciendo clic en el enlace,spam,1
Descarga este wallpaper inspiracional gratis,spam,1
Agenda tu cita online,ham,0
Disfruta los beneficios de ser socio,ham,0
Adelgaza comiendo estos snacks,spam,1
Gracias por ser un cliente fiel,ham,0
Recibe hoy mismo tus compras del supermercado,spam,1
Por favor verifica y actualiza tu perfil,ham,0
Obten tu reporte de credito gratis,spam,1
Rejuvenece tu rostro con nuestro suero anti-edad,spam,1
Realza la profundidad de tu mirada,spam,1
Este es un mensaje importante de tu banco,spam,1
Obten un descuento del 50% en tu proximo viaje,spam,1
Apoya esta noble causa con tu aporte,ham,0
Haz clic aqui para conocer personas interesantes cerca de ti,spam,1
Necesitamos verificar tu cuenta bancaria,spam,1
Obten un prestamo en linea instantaneamente,spam,1
Tu pedido está casi listo pasa a recogerlo,ham,0
Genera tu certificado tributario electronico,ham,0
Gracias por tu interes en nuestra vacante,ham,0
Hemos extendido tu garantía sin costo adicional,ham,0
Feliz dia mama gracias por tanto amor,ham,0
Gracias por confiar en nuestra asesoría,ham,0
Mira estos chistosos videos de gatos,spam,1
Tu factura esta lista para ser descargada,ham,0
Haz una donación y ayuda a cambiar vidas,ham,0
Ten energía todo el día con nuestras cápsulas,spam,1
Haz clic para ver las fotos privadas de esta persona,spam,1
Postula a tu equipo favorito y gana,spam,1
Gracias por tu interés te contactaremos pronto,ham,0
Unete a nuestro programa de referidos y gana comisiones,spam,1
Elige dónde recoger tu paquete,ham,0
Gana un viaje todo incluido participando en nuestro sorteo,spam,1
Protege tu hogar con nuestras camaras de seguridad,spam,1
Rejuvenece tu piel con nuestro tratamiento antiedad,spam,1
Felicidades fuiste aceptado en la universidad,ham,0
Prueba nuestras nuevas opciones veganas,spam,1
Tu estado de cuenta está disponible en línea,ham,0
Felices fiestas te deseamos paz y prosperidad,ham,0
Feliz cumpleaños que todos tus sueños se hagan realidad,ham,0
Hemos recibido tu postulación gracias por tu interés,ham,0
Agradecemos tu preferencia,ham,0
Ayudanos a mejorar con tu opinion sincera,ham,0
Obtén un seguro de vida sin exámenes médicos,spam,1
Gana puntos por cada dolar que gastes,spam,1
Protege tu auto con nuestro seguro,spam,1
Baja nuestro recetario gratis,spam,1
Gracias por unirte a nuestra comunidad online,ham,0
Tu satisfaccion es nuestra meta,ham,0
Mira este gracioso video de fails,spam,1
Este es un recordatorio de tu cita de peluquería,ham,0
Tu pedido ha sido entregado exitosamente,ham,0
Ahorra en grande con nuestra cuenta VIP,spam,1
Hola me gustaría cotizar tus servicios,ham,0
Gracias por tu lealtad a nuestra marca,ham,0
Por favor confirma tu número de teléfono,ham,0
Por favor ayudame a encontrar a mi mascota perdida,ham,0
Tu resumen de gastos mensual está disponible,ham,0
Gracias por visitarnos vuelve pronto,ham,0
Participa en nuestra rifa y gana fabulosos premios,spam,1
Gracias por aplicar te llamaremos si hay vacantes,ham,0
Transforma vidas con tu aporte voluntario,ham,0
Registra tu telefono en un clic,ham,0
Gracias por pagar a tiempo y mantener tu cuenta al dia,ham,0
Tu nomina esta disponible para descargar,ham,0
Gana un fin de semana en la playa en nuestro sorteo,spam,1
Descubre los secretos para un cabello hermoso,spam,1
Obten acceso a peliculas gratis en linea,spam,1
Te esperamos en nuestra proxima reunion,ham,0
Ha habido un intento de inicio de sesion sospechoso en tu cuenta,spam,1
Obten un prestamo facilmente sin verificacion de credito,spam,1
Por favor revisa el archivo adjunto y envíame tus comentarios,ham,0
Adjunta una foto de tu documento,spam,1
Por favor actualiza tus preferencias de comunicacion,ham,0
Unete a nuestro club de descuentos,ham,0
Obtén muestras gratis de nuestros productos,spam,1
Necesitamos actualizar tu informacion personal,spam,1
Reserva tu cita online y evita filas,ham,0
No te pierdas estos memes épicos,spam,1
Felicidades eres el empleado del mes,ham,0
Unifica tus prestamos y paga menos intereses,spam,1
Comparte este mensaje con tus amigos,ham,0
Financia tus metas con nuestros prestamos,spam,1
Lamentamos informarte que tu crédito no ha sido aprobado,ham,0
Hola agendamos esa llamada pendiente?,ham,0
Gana musculos rapidamente con este suplemento,spam,1
Tu reserva ha sido confirmada,ham,0
Diviertete en familia con nuestros juegos de mesa,spam,1
Aprende diseno grafico desde cero,spam,1
Conoce cómo protegemos tus datos,ham,0
Protege a tus seres queridos con un seguro de gastos funerarios,spam,1
Mejora tu rendimiento sexual con este producto,spam,1
Por favor selecciona el punto de entrega,ham,0
Gracias por ponerte en contacto con nuestro equipo de soporte,ham,0
Por favor selecciona tu método de envío preferido,spam,1
Lamentamos el cierre temporal de nuestras oficinas,ham,0
Feliz cumpleaños pásala increíble,ham,0
Por favor confirma tu asistencia a la reunión de mañana,ham,0
Este suplemento te hara perder peso mientras duermes,spam,1
Por favor elige tu medio de pago preferido,ham,0
Adelgaza sin esfuerzo con este nuevo producto,spam,1
Confirma tu participación en el simulacro,ham,0
Tonifica tu cuerpo con nuestro programa de ejercicios,spam,1
Tu certificado de retenciones ya fue generado,ham,0
Por favor dona a esta causa importante,ham,0
Tu pedido está siendo preparado para envío,ham,0
Recupera tu cabello con este tratamiento,spam,1
Presentamos nuestro nuevo aviso de privacidad,ham,0
Un millón de gracias por tu confianza sigamos creciendo juntos,ham,0
Haz clic aqui para descargar tu factura,spam,1
Invierte en el futuro de tu retiro,spam,1
Protegemos tus compras con garantia extendida,ham,0
Baja de peso comiendo deliciosos platillos,spam,1
Valoramos tu opinión cuéntanos cómo podemos servirte mejor,ham,0
Recibe tu comida favorita en 30 minutos,spam,1
Obten una muestra gratis de nuestro producto,spam,1
Necesitamos verificar la cuenta donde recibes tus pagos,spam,1
Lamentamos el inconveniente causado por el retraso en tu vuelo,ham,0
Lee como protegemos tu informacion,ham,0
No calificaste para este prestamo,ham,0
Este es un recordatorio de tu próxima cita médica,ham,0
Entrena tu mente con nuestros juegos de ingenio,spam,1
No olvides tu evaluacion medica de rutina,ham,0
Hola estare feliz de asesorarte,ham,0
Te regalamos un cupón por tu cumpleaños,ham,0
Obten un seguro de vida a un precio inigualable,spam,1
Por favor responde esta breve encuesta sobre tu experiencia,ham,0
Este es un recordatorio de tu pago pendiente,ham,0
Últimas horas de cyber monday,spam,1
Descubre cómo ganar dinero desde tu casa,spam,1
Has ganado una gift card de Amazon,spam,1
Invierte en commodities con bajo riesgo,spam,1
Suscribete y recibe nuestras promociones,spam,1
Aprovecha nuestros planes de pago sin intereses,spam,1
Gana dinero extra trabajando desde casa,spam,1
Solicita tu muestra gratis aqui,spam,1
Cuéntanos qué te pareció el producto,spam,1
Necesito que me envíes el reporte lo antes posible,ham,0
Ayúdanos a mejorar con tu opinión sincera,ham,0
Actualización importante de nuestras políticas de privacidad,ham,0
Tu viaje de negocios está todo reservado,ham,0
Monetiza tus habilidades con nuestro sistema,spam,1
Feliz cumpleaños que este año esté lleno de bendiciones,ham,0
Has ganado un vale de compra en nuestra tienda,spam,1
Mejora tu rendimiento sexual con este producto natural,spam,1
Tu paquete llegará en las próximas 48 horas,ham,0
Gana puntos extra con nuestro club viajero,spam,1
Revisa tu historial de transacciones,ham,0
Descubre como conquistar a la persona de tus sueños,spam,1
Este mensaje es para informarte sobre cambios en nuestras politicas,ham,0
Haz clic para ver increíbles trucos de maquillaje,spam,1
Renueva tu membresia a tiempo,ham,0
Confirma tu numero celular en el sistema,ham,0
Tu transfer al hotel te espera afuera,ham,0
Prueba suerte en la lotería con este número,spam,1
Hola soy tu asesor financiero personal,spam,1
Participa en nuestro concurso y gana un viaje,spam,1
Confirma tu registro al seminario,ham,0
Invierte en bienes raíces con expertos,spam,1
Realiza tu pago antes de la fecha limite,ham,0
Fracciona tus compras hasta 12 meses,spam,1
Invierte en esta oportunidad unica y hazte rico,spam,1
Gracias por tu lealtad aquí tienes un código de descuento,ham,0
Felicidades has calificado para recibir un descuento especial,spam,1
Hola cuéntame más sobre el proyecto que mencionaste,ham,0
Tu devolucion esta siendo procesada,ham,0
Disfruta 30 días más de cortesía,ham,0
Envia una selfie con tu documento,spam,1
Gracias por tu compra tu pedido está siendo procesado,ham,0
Baja nuestra app y gana puntos,spam,1
Gracias por ser nuestro cliente valoramos tu preferencia,ham,0
No pierdas esta increible oferta suscribete ahora,spam,1
Asiste a nuestra conferencia anual,ham,0
Gana una consola participando en nuestra trivia,spam,1
Recibe tus compras el mismo día con nuestro servicio exprés,spam,1
Concierta y conoce a tu banda favorita,spam,1
Recuerda que tienes una reunión importante el lunes,ham,0
Te esperamos en la reunion de manana,ham,0
Suscríbete a nuestro boletín informativo semanal,spam,1
Encuentra tu pareja ideal con nuestra app,spam,1
Envíame tus observaciones del reporte,ham,0
Felicidades has sido nominado a empleado del mes,ham,0
Salva una vida donando sangre hoy,ham,0
Hola ¿te gustaría cenar conmigo este fin de semana?,ham,0
Atenderemos tu caso prioritariamente,ham,0
Tus ideas nos inspiran a seguir mejorando,ham,0
Desintoxica tu cuerpo con estos jugos,spam,1
Gana dinero compartiendo tus opiniones,spam,1
Recuerda que tienes un evento importante mañana,ham,0
Mantén tus defensas altas con vitamina C,spam,1
Destaca tus ojos con nuestro nuevo rímel,spam,1
Gana recompensas por tus compras regulares,spam,1
Bienvenido a bordo estamos encantados de tenerte con nosotros,ham,0
Gana una consola de videojuegos en nuestro concurso,spam,1
Tu pedido ha sido cancelado,ham,0
Ya puedes descargar tu boleta de pago,ham,0
Hola me interesa contratar tus servicios,ham,0
Elimina el acné con este jabón natural,spam,1
Prueba este reto viral y comparte tus resultados,spam,1
Tu cuenta tiene un cargo no reconocido,spam,1
Gracias por tu compra y disfruta tu regalo,ham,0
Tu boleta de pagos esta lista,ham,0
Descubre como perder peso rapidamente,spam,1
Confirma tu presencia en el seminario de mañana,spam,1
Hola planifiquemos juntos tus inversiones,ham,0
Unete a nuestro club de lectores y recibe libros gratis,spam,1
Por favor actualiza tu información de pago,ham,0
Adjunta una copia de tu cédula,spam,1
Gracias por tu paciencia mientras resolvemos tu problema,ham,0
Fortalece tus defensas con este suplemento,spam,1
Gana una cena romántica en nuestro sorteo,spam,1
Gracias por tu compra,ham,0
Gracias por ser parte de nuestro club,ham,0
Pierde peso saludablemente con nuestra asesoría nutricional,spam,1
Hola sere tu asesor de imagen personal,spam,1
Tu nueva clave ya está operativa,ham,0
Prueba nuestro servicio premium gratis por un mes,spam,1
Luce unas pestañas impresionantes con nuestro rímel,spam,1
Elige entre debito o credito,ham,0
Potencia tu cerebro con nuestro entrenamiento cognitivo,spam,1
Por favor actualiza tus datos de facturación,ham,0
Gana el doble por tus referencias efectivas,spam,1
Confirmación de tu vuelo para mañana,ham,0
Ayúdanos a romper este récord Guinness,spam,1
Por favor asiste a la capacitación obligatoria de mañana,ham,0
Agrégame tus comentarios en el documento,ham,0
Por favor verifica tus datos de contacto,ham,0
Descarga nuestra guía de viaje gratis,spam,1
Este es un aviso de tu banco,ham,0
Aprende a invertir en criptomonedas ahora,spam,1
Pierde peso durmiendo con esta pastilla milagrosa,spam,1
Confirmamos el despacho de tu orden,ham,0
Estoy en problemas por favor enviame dinero,ham,0
Gana dinero desde casa sin esfuerzo,spam,1
Mantente en forma con nuestras clases online,spam,1
Feliz aniversario de bodas que sigan cumpliendo muchos más,ham,0
Sorprende a tu mejor amigo con este detalle,spam,1
Activa tu nueva tarjeta con una compra,ham,0
Trabaja desde casa y genera ingresos extra,spam,1
Gana una consola participando en nuestro torneo,spam,1
Feliz cumpleaños de parte de todo nuestro equipo,ham,0
Reduce tu hipoteca con este refinanciamiento,spam,1
Gracias por tu compra esperamos que disfrutes tu producto,ham,0
Usa este cupón en tu próxima visita a nuestra tienda,spam,1
Ultimo dia para aprovechar este descuento,spam,1
Unifica tus deudas con esta tasa especial,spam,1
Desbloquea tu potencial con nuestro seminario motivacional,spam,1
Hemos actualizado nuestros terminos y condiciones,ham,0
Tu opinión nos importa cuéntanos cómo te fue,ham,0
Invierte en oro y protege tu patrimonio,spam,1
Hola quiero presentarte una increible oportunidad de negocio,spam,1
Adquiere nuestro seguro contra robos,spam,1
Marca los músculos de tus sueños,spam,1
Hemos recibido tu solicitud y la estamos procesando,ham,0
Confirmamos que recibimos tu pedido,ham,0
Rastrea tu envío con este código,ham,0
Gracias por contactar a nuestro servicio al cliente,ham,0
Tu estado de cuenta está listo para ser revisado,ham,0
Encuentra tu equilibrio con meditacion,ham,0
Comparte conmigo tus ideas sobre el proyecto,ham,0
Invierte en criptomonedas y multiplica tus ganancias,spam,1
Necesito que revises el documento adjunto y me des tus comentarios,ham,0
Regresa a tu infancia con estos juguetes,spam,1
Comienza a disfrutar tu membresia,ham,0
Actualiza tu método de pago,ham,0
Aumenta tu energia y libido con estas pastillas naturales,spam,1
Gracias por elegirnos estamos para servirte,ham,0
Haz clic para descargar musica gratis,spam,1
Necesito tu colaboracion en un proyecto importante,ham,0
Descarga tu estado de cuenta aquí,ham,0
Tu pedido ha sido enviado recibirás una confirmación por correo,ham,0
Hola soy tu coach de vida personal,spam,1
Entérate de las últimas noticias de la industria,spam,1
Tu equipaje arribara en el siguiente vuelo,ham,0
Hola quiero ser tu gurú de estilo,spam,1
Tu opinión sincera nos importa,ham,0
Asiste a la charla motivacional,ham,0
Tu cuenta ha sido mejorada con nuevas características,ham,0
Gracias por postular consideraremos tu perfil,ham,0
Refuerza tu sistema inmunológico con nuestras vitaminas,spam,1
Tus resultados medicos estan listos,ham,0
Tu cita ha sido reprogramada,ham,0
Aprende las técnicas de los grandes líderes empresariales,spam,1
Luce una piel radiante con nuestros consejos,spam,1
Instala esta aplicación y obtén recompensas,spam,1
Obten un descuento especial en tu proximo corte de cabello,spam,1
Hola reinventa tu estilo con nosotros,spam,1
Feliz cumpleanos de parte de todo el equipo,ham,0
Elimina las imperfecciones con nuestro novo tratamiento,spam,1
Tonifica tu cuerpo con solo 20 minutos diarios,spam,1
Gana recompensas por tus compras diarias,spam,1
Tu orden está lista para recoger,ham,0
Elige como quieres recibir tu pedido,ham,0
Reclama aqui tu 2x1 para cenar,spam,1
Tu caso es prioritario para nosotros,ham,0
Canjea este cupón por un 2x1 en cenas,spam,1
Asegura la educación de tus hijos desde hoy,spam,1
Prepara el futuro de tus hijos con nuestro fondo universitario,spam,1
Flash sale todo debe irse,spam,1
Verifica y completa tu información personal,ham,0
Haz dinero facil desde la comodidad de tu hogar,spam,1
Sorprende a tu amor con esta joya unica,spam,1
Domina la oratoria con este curso,spam,1
Por favor completa esta oferta para continuar,spam,1
Obten acceso anticipado a nuestras rebajas,spam,1
Disfruta de envío gratis en pedidos mayores a $500,spam,1
Verifica tu correo para continuar,ham,0
Tu cuenta ha sido actualizada exitosamente,ham,0
Recordatorio: tu revisión médica anual,ham,0
Descarga este tono de llamada gratis,spam,1
Lamentamos informarte que tu postulación no ha sido seleccionada,ham,0
Comunicado: cambio temporal de sede,ham,0
Hola ¿te gustaría ser parte de nuestro equipo?,ham,0
Tu factura ya está lista descárgala aquí,ham,0
Por favor revisa y actualiza tus datos personales,ham,0
Desintoxica tu organismo con este batido verde,spam,1
Hola tengo una propuesta de negocio que podria interesarte,spam,1
Aprende a tocar guitarra en solo 4 semanas,spam,1
Aprovecha esta oferta por tiempo limitado,spam,1
Asegura tu auto con nosotros y obtén grandes beneficios,spam,1
Gracias por tu donacion a nuestra causa,ham,0
Pierde peso rapido con esta dieta milagrosa,spam,1
Tu paquete esta en camino,ham,0
Te recordamos que tienes un pago pendiente,spam,1
Hola coordinemos esa reunión pendiente,ham,0
Compra ahora y recibe un descuento especial,ham,0
Felicidades por tu logro te lo mereces,ham,0
Invierte en bitcoin y hazte millonario,spam,1
Hola me gustaria invitarte a salir,ham,0
Gana una gift card en nuestra rifa,spam,1
Obtén Bitcoin gratis con este truco,spam,1
Hola estoy interesado en tus servicios,ham,0
Obten acceso a contenido exclusivo suscribiendote ahora,spam,1
Amplía tu círculo social con nuestra app,spam,1
Gracias por comprar reclama tu cashback,ham,0
Revisa tus transacciones recientes,ham,0
Hola potenciemos juntos tu negocio,ham,0
Transforma tu mente con nuestro retiro espiritual,spam,1
Has ganado un viaje todo incluido,spam,1
Hola te gustaria conversar tomando un cafe,ham,0
Gana un viaje todo pagado participando en nuestro sorteo,spam,1
Necesito tu autorización para el siguiente paso,ham,0
Obtén la mejor cobertura médica para ti y tu familia,spam,1
Resalta tu belleza con nuestro labial,spam,1
Hola optimicemos juntos tus finanzas,ham,0
Evita el corte pagando hoy mismo,ham,0
Necesitamos que confirmes tu direccion de envio,spam,1
Necesitamos que verifiques tu identidad,spam,1
Apreciamos tu fidelidad disfruta de este obsequio,ham,0
Elige cómo quieres pagar,ham,0
Hola seré tu nutricionista online,spam,1
Usa este código de descuento antes que expire,spam,1
Domina el arte de hablar en publico,spam,1
Tu pedido ha sido enviado,ham,0
Recordatorio de tu consulta dental,ham,0
Lee nuestros nuevos términos de servicio,ham,0
Conoce las actualizaciones a nuestras politicas,ham,0
Obten descuentos exclusivos en nuestro sitio web,spam,1
Reduce tallas con nuestro plan detox,spam,1
Tu pin temporal es 3897,ham,0
Desarrolla el cuerpo de tus suenos con este entrenamiento,spam,1
Gracias por tu apoyo a nuestra organizacion,ham,0
Ayúdanos a servirte mejor con tus sugerencias,ham,0
Recordatorio de tu cita médica de control,ham,0
Despierta tu sensualidad con nuestras fragancias,spam,1
Desarrolla una memoria extraordinaria con este curso,spam,1
Reclama aquí tu premio por tu compra,ham,0
No te pierdas las imagenes mas divertidas,spam,1
Encuentra el amor con nuestra app de citas,spam,1
Tu compra ya esta lista para retirar,ham,0
Pierde peso mientras duermes con este té,spam,1
Confirma tu asistencia a la junta directiva,ham,0
Hemos recibido tu solicitud y la estamos revisando,ham,0
Gracias por unirte a nuestro newsletter,ham,0
Conoce solteros compatibles contigo,spam,1
Por favor verifica tu información de contacto,ham,0
Gana dinero extra con nuestro programa de afiliados,spam,1
Gracias por confiar en nuestros consejos,ham,0
Por favor confirma tu suscripcion,ham,0
Gracias por postular te deseamos exitos,ham,0
Usa nuestra app y acumula puntos canjeables,spam,1
Pierde peso con nuestro reto de 30 dias,spam,1
Participa en nuestro sorteo y gana increíbles premios,spam,1
Aprovecha nuestra tasa preferencial para ahorros,spam,1
Haz clic para ver este increible video,spam,1
Cuida a los que amas con un seguro de vida,spam,1
Felicidades has sido seleccionado para una encuesta remunerada,spam,1
Trae este cupón para un obsequio especial,spam,1
Invierte como los expertos con nuestras herramientas,spam,1
Visita nuestra tienda y llevate un regalo,spam,1
Gracias por tu interes en nuestros servicios,ham,0
Gracias por preferirnos siempre,ham,0
Conoce nuestro compromiso con tu privacidad,ham,0
Libera tu potencial artístico con nuestro set de pinturas,spam,1
No te pierdas estos bloopers divertidos,spam,1
Comienza a ahorrar para tu jubilacion,spam,1
Aprende a meditar y reduce tu estrés,ham,0
Por tu seguridad verificaremos tu identidad,spam,1
Confirma tu participacion en el taller,ham,0
Gracias por registrarte en nuestro sitio web,ham,0
Revisa los resultados de tus exámenes médicos,ham,0
Estamos procesando tu reembolso,ham,0
Gracias por ser parte de nuestra comunidad,ham,0
Tu cuenta ya está activa empieza a disfrutar de los beneficios,ham,0
Reconfirma tu cita en el spa,ham,0
Descubre el secreto para unas pestanas largas y gruesas,spam,1
Hemos recibido tu aplicación te contactaremos pronto,ham,0
Haz clic para reclamar tu premio,spam,1
Gana una gift card opinando sobre nuestro servicio,spam,1
Encuentra tu paz interior con yoga,ham,0
Este es un mensaje de tu banco,ham,0
Concursa por entradas VIP al estreno,spam,1
Accede a contenido premium suscribiendote a nuestro newsletter,spam,1
Agradecemos tus ideas nos ayudan a mejorar,ham,0
Gana boletos para el concierto del año,spam,1
Haz clic para descargar este increible juego,spam,1
Por favor confirma tu asistencia al webinar de mañana,ham,0
No te pierdas estas imágenes inspiradoras,spam,1
Tu feedback es valioso para nosotros,ham,0
Recuerda que tienes una tarea pendiente,ham,0
Hola ¿te gustaría tomar un café conmigo?,ham,0
Soluciona tus problemas de acné con nuestro gel,spam,1
Este es un recordatorio amistoso de tu cita dental,ham,0
Necesitamos verificar tu identidad por favor contáctanos,spam,1
Por favor cuéntanos sobre tu experiencia con nuestro servicio,ham,0
Has ganado una tableta nueva,spam,1
No te pierdas estos videos virales,spam,1
Esperamos que disfrutes de tu estancia en nuestro hotel,ham,0
Canjea aquí tu cupón de descuento,spam,1
Aumenta tu libido con este revolucionario producto,spam,1
Recordatorio: tu reserva en el restaurante es esta noche,ham,0
Salva una mascota adoptando,ham,0
Felicidades obtuviste la beca,ham,0
Por favor completa la encuesta del clima laboral,ham,0
Obtén reembolso de tus compras,spam,1
Conoce solteras calientes en tu area,spam,1
Este es un recordatorio de tu reserva en nuestro restaurante,ham,0
Protege tu negocio con nuestro seguro para PyMEs,spam,1
Paga tu cuota antes del 30 y ahorra,ham,0
Nuevas actualizaciones en nuestros términos y condiciones,ham,0
Actualiza tus preferencias de pago,ham,0
Gracias por postular te contactaremos pronto,ham,0
Tu membresia expirara en unos dias,ham,0
Baja el manual de instrucciones aqui,spam,1
Verifica tu edad para acceder al contenido,spam,1
Comparte tu experiencia y gana dinero,spam,1
Felicitaciones por tu aniversario laboral,ham,0
Resalta tu belleza natural con nuestro maquillaje,spam,1
Felicitaciones has sido seleccionado para una beca,spam,1
Por favor selecciona tu forma de pago,ham,0
Mira estas divertidas fotos de animales,spam,1
Recibe un bono de bienvenida al registrarte,spam,1
Inspírate con estas frases motivacionales,spam,1
Necesitamos verificar tu mayoría de edad para proceder,spam,1
Elimina las arrugas con este tratamiento revolucionario,spam,1
Estamos trabajando para resolver la incidencia lo antes posible,ham,0
Hola soy tu vecino y necesito un favor,ham,0
Tu comprobante de retención está listo,ham,0
Solicita tu seguro de desempleo,ham,0
Lamentamos los inconvenientes causados por el retraso,ham,0
Resalta tu mirada con nuestras sombras de ojos,spam,1
Aprovecha nuestra opción de refinanciamiento,spam,1
Estimula tu creatividad con nuestro taller de arte,spam,1
Por favor confirma tu asistencia a la capacitación de seguridad,ham,0
Este producto te hara sentir mas joven,spam,1
Evita la suspensión renueva tu licencia,spam,1
Envia una copia de tu identificacion,spam,1
Aprovecha nuestros planes de financiamiento,spam,1
Gana músculo rápidamente con este suplemento,spam,1
Invierte en acciones de alto rendimiento hoy,spam,1
Aprende ingles en solo 10 dias,spam,1
Descubre la fórmula del éxito en nuestro webinar,spam,1
Sorprende a tu pareja con este perfume,spam,1
Entérate de las noticias más relevantes,spam,1
Tu opinión sobre nuestro servicio nos interesa,ham,0
Aumenta tu energía con este suplemento natural,spam,1
Construyamos un refugio con tu apoyo,ham,0
Empeza a disfrutar tu suscripción,ham,0
Has sido preseleccionado para recibir un premio en efectivo,spam,1
Tus comentarios nos hacen mejores,ham,0
Baja de peso con nuestras opciones vegetarianas,spam,1
Comunicado oficial: nuevos horarios de atención,ham,0
Baja de peso con nuestras ensaladas,spam,1
Rompe este récord y gana fama,spam,1
Sé que tienes dudas con gusto te las aclaro,ham,0
Aumenta tu resistencia con estas pastillas,spam,1
Descubre cómo aprender un idioma en tiempo récord,spam,1
Monetiza tus conocimientos como instructor,spam,1
Feliz cumpleanos que lo pases increible,ham,0
Haz una fortuna con este metodo secreto,spam,1
Hola ¿podríamos agendar una llamada?,ham,0
Gracias por unirte a nuestra comunidad virtual,ham,0
Participa en el sorteo de un iPhone,spam,1
Gana un iPhone gratis participando en este sorteo,spam,1
Confirma tu asistencia al evento,ham,0
Acumula millas en cada viaje que hagas con nosotros,spam,1
Tu saldo actual y próximos pagos,ham,0
Feliz aniversario que sigan los exitos,ham,0
Diviertete con estos memes de perros,spam,1
Ejercita tu cerebro con acertijos diarios,spam,1
Por favor confirma tu asistencia al seminario,ham,0
Hola soy un principe nigeriano y necesito tu ayuda,spam,1
Descarga el manual de usuario aquí,spam,1
Dibuja como un experto con estos tips,spam,1
Gracias por ser un cliente valioso,ham,0
Descarga tu informe de crédito gratis ahora,spam,1
Tu boleta de pago está disponible,ham,0
Bienvenido a nuestro selecto club,ham,0
Gana regalos con este código QR,spam,1
Gana un kit gamer en nuestros sorteos,spam,1
Genera ingresos compartiendo tus conocimientos,spam,1
Postúlate a este reality show,spam,1
No te pierdas estos adorables videos de perritos,spam,1
Obtén ingresos pasivos con nuestro programa,spam,1
Invierte en esta criptomoneda emergente y multiplica tu dinero,spam,1
Descarga el manual del usuario,spam,1
Por favor elige el color y talla de tu preferencia,spam,1
Tu taxi al aeropuerto llegará en 10 minutos,ham,0
Usa este código promocional en tu próxima visita,spam,1
Baja de peso con nuestras deliciosas recetas saludables,spam,1
Tu nueva contraseña ya está activa,ham,0
Invierte en bonos gubernamentales hoy,spam,1
Ayúdanos a construir más escuelas con tu donativo,ham,0
Obten acceso ilimitado a contenido exclusivo,spam,1
Gracias por contactarnos valoramos tus comentarios,ham,0
Confirma tu suscripción a nuestra lista de correos,spam,1
Acumula millas viajando con nosotros,spam,1
Un regalo especial por ser nuestro cliente fiel,ham,0
Este es un aviso de tu factura vencida,spam,1
Recuerda que tu pago vence la próxima semana,ham,0
Qué te pareció tu experiencia con nuestro equipo?,ham,0
Unete a nuestro programa de afiliados y gana dinero extra,spam,1
Gana un fin de semana de spa en nuestro concurso,spam,1
Felicidades estas pre-aprobado para un credito,ham,0
Suscríbete a nuestro canal y no te pierdas ningún video,spam,1
Baja nuestra guia de ejercicios gratis,spam,1
No te pierdas estos videos de gatitos juguetones,spam,1
Adquiere tu seguro de hogar con nosotros,spam,1
Feliz Día de la Madre felicidades a tu mamá,ham,0
Importante: cambios en nuestros términos y condiciones,ham,0
Haz clic aqui para descargar el archivo adjunto,spam,1
Mantente informado con nuestro boletín semanal,spam,1
Obtén ganancias constantes con nuestro sistema,spam,1
Agenda tu cita para el chequeo anual,ham,0
Gana una gift card de 100 dolares,spam,1
Tu membresía ha sido aprobada,ham,0
Tu paquete esta listo para ser recogido,spam,1
Gracias por postular te tendremos en cuenta,ham,0
Aprovecha nuestro financiamiento sin intereses,spam,1
Necesitamos una foto de tu identificación,spam,1
Este producto milagroso te quitara las arrugas,spam,1
Ayúdanos a superar esta marca mundial,spam,1
Valida tu mail para continuar,ham,0
Firma el convenio de manera digital,ham,0
Reclama tu herencia de un pariente lejano,spam,1
Trabaja desde casa sin experiencia,spam,1
Descubre el secreto para un abdomen plano,spam,1
Tu feedback nos ayuda a crecer,ham,0
Despierta al artista que llevas dentro,spam,1
Aprovecha nuestra tasa de cambio preferencial,spam,1
Recibe tus envíos gratis por un año,spam,1
Gana dinero siendo mystery shopper,spam,1
Recomienda nuestro producto y gana comisiones,spam,1
Por favor actualiza tus preferencias de comunicación,ham,0
Aprovecha nuestros créditos especiales para PyMEs,spam,1
Multiplica tus ingresos con este programa de afiliacion,spam,1
Necesitas ayuda con tu tarea,ham,0
Mantente al día con nuestro resumen de noticias diario,spam,1
Confirma tu asistencia a la boda,ham,0
Hola me gustaría más información sobre tus servicios,ham,0
Acumula reward points en cada compra,spam,1
Descarga tu estado de cuenta mensual,ham,0
Completa tu perfil para una mejor experiencia,ham,0
Conoce los nuevos horarios de atencion,ham,0
Felicitaciones fuiste seleccionado para una entrevista,ham,0
Recuerda tu cita para tu chequeo anual,ham,0
Atrae la suerte con este amuleto,spam,1
Tu factura del mes está lista para ser pagada,ham,0
Manten alta tu energia con nuestras barritas,spam,1
Evita cargos por mora pagando a tiempo,ham,0
Trabaja desde casa y gana mucho dinero,spam,1
Haz clic para obtener tu código de descuento,spam,1
Hola soy tu amigo de la infancia,ham,0
Baja de peso sin pasar hambre,spam,1
Esta es tu ultima oportunidad para adquirir este producto,spam,1
Tu paquete está listo para ser recogido,ham,0
Este es un mensaje automatico de nuestro sistema,ham,0
Hola ¿te gustaría colaborar en nuestro proyecto?,ham,0
Tu reembolso está en proceso,ham,0
Lee nuestro análisis semanal del mercado,spam,1
Comienza hoy a ahorrar para su futuro,spam,1
Este es un recordatorio de tu cita de manana,ham,0
Feliz cumpleaños que todos tus deseos se hagan realidad,ham,0
Te invitamos a probar nuestro nuevo producto,ham,0
Tu habitación de hotel está lista,ham,0
Informamos el cierre temporal de una sucursal,ham,0
Tu suscripción ha sido renovada automáticamente,ham,0
Esta increíble oferta termina hoy ¡no te la pierdas!,spam,1
Necesito tu aprobación para proceder con el plan,ham,0
Hola soy un viejo amigo y quiero reconnectar contigo,spam,1
Hola solo queria saber como has estado,ham,0
Este es un recordatorio de tu reserva,ham,0
Resolveremos tu caso a la brevedad,ham,0
Descubre las 10 claves del exito empresarial,spam,1
Apoya a nuestra fundación con tu aporte voluntario,ham,0
Desarrolla músculos en poco tiempo con nuestro producto,spam,1
Súmate como voluntario y cambia realidades,ham,0
Reconfirma tu correo para evitar suspensiones,spam,1
Gracias por tu compra tu satisfacción es nuestra prioridad,ham,0
Felicidades por tu ascenso,ham,0
No te pierdas estos divertidos memes,spam,1
Protege tu hogar con nuestro seguro contra desastres,spam,1
Hola ¿quieres tener una cita conmigo?,ham,0
Tu suscripcion expirara pronto,ham,0
Ayúdanos a plantar más árboles con tu aporte,ham,0
Últimas horas para aprovechar nuestras promociones,spam,1
Tu compra está protegida,ham,0
Valoramos tu lealtad aquí tienes un regalo especial,ham,0
Luce una mirada impactante con nuestro delineador,spam,1
Realza tu mirada con nuestras sombras,spam,1
Comprueba tu número telefónico,ham,0
Gana dinero viendo anuncios en tu telefono,spam,1
Obtén un regalo especial con este código QR,spam,1
Haz clic aquí para reclamar tu cupón de descuento,spam,1
Acumula puntos y canjéalos por increíbles recompensas,spam,1
Gracias por tu fidelidad aqui tienes un cupon de descuento,ham,0
Necesitamos una copia de tu identificación para el registro,spam,1
No te pierdas las novedades de la temporada,spam,1
Reclama aquí tu gift card de cumpleaños,ham,0
Baja este increíble wallpaper HD,spam,1
Informamos nuestros nuevos horarios,ham,0
Aumenta tu busto naturalmente con esta crema,spam,1
Gracias por tu pago tu cuenta está al día,ham,0
Genera ingreso extra como freelancer,spam,1
Obten criptomonedas gratis con este link,spam,1
Asegura tu auto con la mejor cobertura del mercado,spam,1
Lee nuestro analisis semanal de la industria,ham,0
No te pierdas nuestras ofertas de último minuto,spam,1
Conoce gente interesante cerca de ti,spam,1
Monitorea tu envio con este tracking,ham,0
Consigue el cabello de tus sueños con nuestro tratamiento,spam,1
Tu pedido ha sido despachado,ham,0
Gracias por tu fidelidad,ham,0
Reclama tu premio por cliente frecuente,ham,0
Ayúdanos a construir un mundo mejor con tu aporte,ham,0
Gana puntos por cada compra y canjéalos por premios,spam,1
Hola soy tu asesor de imagen personal,spam,1
Postula a tu crush y gana una cita,spam,1
Bienvenido al equipo,ham,0
Invierte en bienes raíces y genera rentas pasivas,spam,1
Domina el arte de hablar en público con nuestro curso,spam,1
Tu cuenta ha sido desbloqueada con éxito,ham,0
Hola ¿te gustaría salir a tomar un café?,ham,0
Has sido seleccionado para recibir un obsequio especial,spam,1
Refuerza tus defensas con nuestras vitaminas,spam,1
Gracias por tu pago tu servicio está activo,ham,0
Lamentamos informarte que el producto esta agotado,ham,0
Rebajas nocturnas solo por unas horas,spam,1
Mejora tu vida sexual con este suplemento natural,spam,1
Accede a beneficios exclusivos en nuestro club,spam,1
Revisa mis comentarios al borrador,ham,0
Últimas horas de nuestra mega liquidación ¡aprovecha!,spam,1
Accede a descuentos exclusivos en nuestro sitio web,spam,1
No olvides tu cita para la limpieza dental,ham,0
Gracias por unirte a nuestro equipo bienvenido a bordo,ham,0
Necesito que me hagas un favor,ham,0
Tu reclamo ha sido resuelto favorablemente,ham,0
Encuentra a tu media naranja con nuestra app de citas,spam,1
Reconfirma tu reserva para el tratamiento,ham,0
Confirma tu asistencia al workshop,ham,0
Elige el plan a tu medida,ham,0
Recordatorio de tu cita con el nutricionista,ham,0
Feliz aniversario que sigan cumpliendo muchos más juntos,ham,0
Reclama tu seguro de desempleo aquí,ham,0
Hola ¿te gustaría unirte a nuestro club de lectura?,ham,0
Maneja protegido con nuestro seguro vehicular,spam,1
Tu cuenta ha sido bloqueada temporalmente,spam,1
Marca la diferencia con tu rutina fitness,spam,1
Lee nuestro resumen diario de noticias,spam,1
Tu donacion hara la diferencia,ham,0
Personaliza tu movil con este fondo de pantalla,spam,1
Genera ingresos recomendando nuestros cursos,spam,1
Recibe tus compras hoy mismo,spam,1
Desarrolla un cuerpo escultural con nuestras rutinas,spam,1
Gracias por escribirnos te responderemos a la brevedad,ham,0
Obtén envío express gratis en compras mayores a $100,spam,1
Descubre las últimas tendencias de moda,spam,1
Tu pago ha sido procesado con éxito,ham,0
Obtén descuentos exclusivos en nuestra tienda online,spam,1
Tu envío está en camino llegará pronto,ham,0
Brinda esperanza apadrinando un nino,ham,0
Liquidacion total precios de locura,spam,1
Hola ¿te interesa formar parte de nuestro equipo?,ham,0
Bienvenido a nuestro programa de recompensas,ham,0
Haz clic para descargar este increíble fondo de pantalla,spam,1
Agradecemos tus sugerencias siempre son bienvenidas,ham,0
Descubre las claves de un negocio exitoso,spam,1
Gracias por tus comentarios siempre buscamos mejorar,ham,0
Mil gracias por elegirnos haremos hasta lo imposible por satisfacerte,ham,0
Estamos atendiendo tu reclamo te responderemos a la brevedad,ham,0
Actualiza tu informacion de contacto,ham,0
Te compartimos este divertido reto viral,spam,1
Necesito que revises y firmes el contrato adjunto,ham,0
Este es un aviso importante de tu proveedor de servicios,ham,0
Gracias por confiar en nosotros estamos para servirte,ham,0
Comprueba que eres mayor de edad,spam,1
Gracias por registrarte disfruta de todos nuestros beneficios,ham,0
Extendimos tu periodo de prueba gratis,ham,0
Baja nuestro mapa turístico gratuito,spam,1
Revisa el documento adjunto y fírmalo digitalmente,ham,0
Obten tu reporte de credito gratis ahora,spam,1
Visita nuestra nueva tienda online,spam,1
Por favor comparte tu opinión sobre nuestro nuevo producto,ham,0
Te invitamos a participar en nuestra encuesta de satisfaccion,ham,0
Mira estas adorables fotos de cachorros,spam,1
Tu garantía ha sido extendida sin costo adicional,ham,0
Hemos recibido tu curriculum y te contactaremos si hay una vacante,ham,0
Has ganado una gift card para tu tienda favorita,spam,1
Esta es tu última oportunidad para ahorrar,spam,1
Descarga este asombroso fondo de pantalla gratis,spam,1
Únete a nuestra causa y hagamos del mundo un lugar mejor,ham,0
Participa en nuestro concurso y gana premios increibles,spam,1
Luce un cabello de comercial con nuestro shampoo,spam,1
Comparte conmigo tus comentarios del borrador,ham,0
Agradecemos tus ideas de mejora,ham,0
Comienza tu dia con pensamientos positivos,spam,1
Gana boletos para la premiere de la pelicula,spam,1
Felicidades por tu ascenso te lo mereces,ham,0
Por favor actualiza tus preferencias de notificaciones,ham,0
Marca la diferencia con abdominales de acero,spam,1
Hola ¿cuándo nos juntamos?,ham,0
Aumenta tu energía con nuestras barras energéticas,spam,1
Tu certificado de ingresos ya fue emitido,ham,0
Verifica tu número de teléfono,ham,0
Gana más referenciando esta oportunidad,spam,1
Haz clic para descargar este fondo de pantalla gratis,spam,1
Transforma tu cuerpo con nuestro programa de 90 días,spam,1
Haz clic aqui para ganar un premio,spam,1
Lee los insights clave de la industria,spam,1
Gana un día de spa en nuestro concurso de fin de mes,spam,1
Felicidades tu crédito fue pre-aprobado,ham,0
Por favor verifica tu dirección de envío,ham,0
Compra medicamentos sin receta medica,spam,1
Canjea este cupón por un postre gratis,spam,1
Marca tu six-pack con nuestro gel,spam,1
Comparte tus ideas sobre esta propuesta,ham,0
Hola soy Maria tu nueva vecina,ham,0
Tu estado de cuenta ya está disponible revísalo aquí,ham,0
Presume un cuerpo tonificado este verano,spam,1
Hola tengamos una charla sobre tu futuro,ham,0
Conviertete en un afiliado y gana dinero promocionando nuestros productos,spam,1
Obtén la cobertura médica que necesitas,spam,1
Este es un recordatorio de tu vuelo de mañana,ham,0
Protege a tu familia con un seguro de salud,spam,1
Descubre los secretos para un cabello hermoso y brillante,spam,1
Tu membresía ha sido activada exitosamente,ham,0
Multiplica tus ganancias integrándote a nuestro equipo,spam,1
Pierde peso sin esfuerzo con este suplemento,spam,1
Necesito que firmes el NDA adjunto,ham,0
Hola cotiza nuestros servicios aquí,ham,0
Elige donde recoger tus paquetes,ham,0
Gracias por tu pago tu suscripción ha sido renovada,ham,0
Por favor verifica tu número celular,ham,0
Necesitamos verificar tu informacion de pago,spam,1
Solo hoy 50% de descuento en todo,spam,1
